{
  "name": "NixOS",
  "slug": "nixos",
  "description": {
    "de": "Es geht um NixOS, eine Open-Source-Linux-Distribution.\r\nHier ist der Matrix Raum: #ccc-nixos:lassul.us",
    "en": "This is about NixOS, an open-source Linux distribution.\r\nThis way to our Matrix room: #ccc-nixos:lassul.us"
  },
  "registration_data": {
    "type": "gathering",
    "money": null,
    "seats": 123,
    "track": "science",
    "workshop": "some",
    "extra_infra": null,
    "arrival_date": "2024-12-25",
    "additional_space": null
  },
  "registration_details": "would like to be part of the c-base habitat",
  "location": "",
  "public_contact": null,
  "public_link": "https://nixos.org",
  "banner_image": null,
  "tags": [
    "linux",
    "nix",
    "distribution",
    "package-manager"
  ]
}