{
  "name": "Build your own darknet with NixOS",
  "slug": "build-your-own-darknet-with-nixos",
  "location": "NixOS Assembly",
  "language": "en, de",
  "abstract": "",
  "description": {
    "de": "Das Selbsthosten eigener Dienste ist schwierig:\r\n\r\nDie Konnektivit\u00e4t: Es kann schwierig sein, sicherzustellen, dass sich Ihre Ger\u00e4te gegenseitig erreichen k\u00f6nnen, ohne sie unsicher dem Internet auszusetzen.\r\n\r\nDatenverlust: Die Einrichtung von \u00dcberwachungs-, Sicherungs- und Wiederherstellungsfunktionen ist schwierig\r\n\r\nHohe Einstiegsh\u00fcrde: Fachwissen ist erforderlich\r\n\r\nSicherheit: Oft ein nachtr\u00e4glicher Gedanke\r\n\r\nIn diesem Workshop stellen wir clan vor, ein auf NixOS basierendes Tool, das es einfacher macht, ein Heimlabor / Darknet f\u00fcr Freunde und Familie einzurichten.",
    "en": "Self-hosting your own services is difficult:\r\n\r\nConnectivity: Making sure your devices can reach each other without insecurely exposing them to the internet can be tough\r\nData loss: Setting up monitoring and backups and restores is difficult\r\nHigh entry-barrier: Expertise is required\r\nSecurity: Often an after-thought\r\nIn this workshop, we present clan, a tool based on NixOS,\r\nthat makes it easier to scale up setting homelab / darknet for your friends and family."
  },
  "schedule_start": {
    "conference_day": 3,
    "time": "15:00"
  },
  "schedule_duration": 60,
  "tags": [
    "vpn",
    "nixos"
  ],
  "banner_image": "media/event/build-your-own-darknet-with-nixos.banner.png",
  "relations": {
    "assembly_slug": "nixos",
    "room_slug": null
  }
}