{
  "name": "Meet the Maintainers",
  "slug": "meet-the-maintainers",
  "location": "NixOS Assembly",
  "language": "en, de",
  "abstract": "Meet NixOS and Nixpkgs maintainers, ask questions and get your Pull Requests merged",
  "description": {
    "de": "Meet NixOS and Nixpkgs maintainers, ask questions and get your Pull Requests merged",
    "en": "Meet NixOS and Nixpkgs maintainers, ask questions and get your Pull Requests merged"
  },
  "schedule_start": {
    "conference_day": 4,
    "time": "12:00"
  },
  "schedule_duration": 60,
  "tags": [
    "nixos",
    "pull-requests",
    "maintainer"
  ],
  "banner_image": null,
  "relations": {
    "assembly_slug": "nixos",
    "room_slug": null
  }
}