{
  "name": "NixOS Install Party",
  "slug": "nixos-install-party",
  "location": "NixOS Assembly",
  "language": "en, de",
  "abstract": "Bring your laptop, bring your stick.\r\nOn it, we will install nix.",
  "description": {
    "de": "Eine Install party f\u00fcr die NixOS Distribution.\r\nBringt euer Laptop und USB-Stick mit.",
    "en": "A install party for the NixOS Distribution.\r\nBring your laptop and usb key."
  },
  "schedule_start": {
    "conference_day": 2,
    "time": "14:30"
  },
  "schedule_duration": 90,
  "tags": [
    "nix",
    "nixos",
    "install_party"
  ],
  "banner_image": "media/event/nixos-install-party.banner.png",
  "relations": {
    "assembly_slug": "nixos",
    "room_slug": null
  }
}