{
  "name": "NixOS Install Party",
  "slug": "nixos-install-party",
  "location": null,
  "language": "en, de",
  "abstract": "",
  "description": {
    "de": "Bei dieser Veranstaltung unterst\u00fctzen wir neue Benutzer bei der Installation von NixOS auf euren Rechnern. USB-Sticks werden bereitgestellt, ihr k\u00f6nnt aber auch eure eigenen mitbringen.\r\n\r\nWir beantworten auch einige Fragen zur Nutzung, konzentrieren uns aber zun\u00e4chst auf die Installation. Sollten Ihr weitere Fragen haben, stellt diese bitte im Anschluss. :)",
    "en": "In this event, we will help new users install NixOS on their machines. USB keys will be provided, but you can bring your own.\r\n\r\nWe will also answer some questions about usage, but please understand, we will focus on installing during this time. So if you have more questions, ask afterward. :)"
  },
  "schedule_start": {
    "conference_day": 2,
    "time": "14:00"
  },
  "schedule_duration": 120,
  "tags": [
    "nix",
    "nixos",
    "come_with_install_target",
    "install_party",
    "beginner_friendly",
    "can_nix",
    "nix_machen"
  ],
  "banner_image": "media/event/nixos-install-party.banner.png",
  "relations": {
    "assembly_slug": "nixos",
    "room_slug": null
  }
}