{
  "name": "Show off your Stickers",
  "slug": "show-off-your-stickers",
  "location": "C-Base Mainhall behind the stargate",
  "language": "en, de",
  "abstract": "People talk about the stories told by the backs of their laptop",
  "description": {
    "de": "In this Event every Participant gets 3 Minutes to talk about the story of the stickers on its laptop. Last congress laptops were photographed, this year you have the chance to talk about why you chose exactly these stickers.\r\nHave fun and share stories",
    "en": "In this Event every Participant gets 3 Minutes to talk about the story of the stickers on its laptop. Last congress laptops were photographed, this year you have the chance to talk about why you chose exactly these stickers.\r\nHave fun and share stories"
  },
  "schedule_start": {
    "conference_day": 2,
    "time": "12:00"
  },
  "schedule_duration": 60,
  "tags": [
    "stickers",
    "showoff"
  ],
  "banner_image": null,
  "relations": {
    "assembly_slug": "nixos",
    "room_slug": null
  }
}