{
  "name": "Sort Stickers!",
  "symbol": "stickies",
  "state": "planned",
  "description": {
    "de": "Sortiere Sticker aus der Inbox in \"werbung\" und \"nicht werbung\"",
    "en": "Sort Stickers from the inbox of the categorized stickerbox to \"Politics / Adverts\" and \"Everything Else\"."
  },
  "location": {
    "de": "NixOS Assembly - Categorized Stickerboxes",
    "en": "NixOS Assembly - Categorized Stickerboxes"
  },
  "image": null,
  "relations": {
    "category_slug": "explore"
  }
}