{
  "name": "NixOS",
  "slug": "nixos",
  "description": {
    "de": "Es geht um NixOS, eine Open-Source-Linux-Distribution.\r\nHier ist der Matrix Raum: #ccc-nixos:lassul.us",
    "en": "This is about NixOS, an open-source Linux distribution.\r\nThis way to our Matrix room: #ccc-nixos:lassul.us"
  },
  "registration_data": {
    "money": "",
    "seats": 150,
    "track": "science",
    "exposed": "",
    "workshop": "some",
    "arrival_date": "2025-12-25",
    "money_select": false,
    "exposed_select": false,
    "additional_space": "",
    "additional_space_select": false
  },
  "registration_details": "would like to be part of the c-base habitat",
  "location": "",
  "public_contact": null,
  "public_link": "https://nixos.org",
  "banner_image": null,
  "tags": [
    "linux",
    "distribution",
    "package-manager",
    "nix",
    "distro",
    "krebs"
  ]
}