{
  "name": "Categorized Stickerboxes",
  "slug": "categorized-stickerboxes",
  "description": {
    "de": "Not your basic off-the-mill Sticker Box but one which classifies stickers in two Categories: \"Politics / Adverts\" and \"Everything Else\".\r\n\r\nThis is in done in hopes of finding objectively \"funny\" stickers more easily. The Stickerbox is pre-filled with a small set of each category of stickers to set the mood.",
    "en": "Not your basic off-the-mill Sticker Box but one which classifies stickers in two Categories: \"Politics / Adverts\" and \"Everything Else\".\r\n\r\nThis is in done in hopes of finding objectively \"funny\" stickers more easily. The Stickerbox is pre-filled with a small set of each category of stickers to set the mood."
  },
  "tags": [
    "stickers",
    "stickerbox"
  ],
  "banner_image": null,
  "location": "",
  "links": [],
  "relations": {
    "assembly_slug": "nixos"
  }
}