{
  "name": "Overte VR Setup",
  "slug": "overte-vr-setup",
  "description": {
    "de": "In diesem Projekt, setzen wir ein VR Setup mit NixOS f\u00fcr die FOSS VR Social Platform Overte auf. :3",
    "en": "In this project, we (try) setting up a VR setup in NixOS for the FOSS social VR platform Overte. :3"
  },
  "tags": [
    "nix",
    "vr",
    "nixos",
    "social_vr",
    "overte"
  ],
  "banner_image": "media/project/overte-vr-setup.banner.png",
  "location": "On the assembly",
  "links": [
    {
      "name": "Website of Overte",
      "type": "website",
      "link": "https://overte.org"
    }
  ],
  "relations": {
    "assembly_slug": "nixos"
  }
}